student_id,name,dob,gender,email
s_1,Storm Guierre,2004-01-29,Female,sguierre0@clickbank.net
s_2,Curran Reignolds,1993-05-22,Male,creignolds1@wisc.edu
s_3,Matthias Little,2001-10-03,Male,mlittle2@google.com.au
s_4,Marcelo Grubbe,1993-06-30,Male,mgrubbe3@taobao.com
s_5,Catlaina Obee,2002-08-13,Female,cobee4@apple.com
s_6,Sophi Bims,1993-12-14,Female,sbims5@yahoo.com
s_7,Darn Peat,2002-10-15,Male,dpeat6@fotki.com
s_8,Heloise Magill,2001-08-29,Female,hmagill7@mashable.com
s_9,Kincaid McCreary,1997-03-03,Male,kmccreary8@bbc.co.uk
s_10,Amalea Avo,1996-03-15,Female,aavo9@cocolog-nifty.com
s_11,Malvina Dan,1993-11-24,Female,mdana@geocities.com
s_12,Merill Harnott,1998-02-17,Male,mharnottb@utexas.edu
s_13,Wilmette Carse,1992-02-20,Female,wcarsec@gov.uk
s_14,Luce Jenson,1990-01-20,Female,ljensond@dailymotion.com
s_15,Antonio Godman,1999-07-03,Male,agodmane@amazon.de
s_16,Charlot Escudier,2009-03-20,Female,cescudierf@apple.com
s_17,Adelheid Laviss,2001-01-02,Female,alavissg@go.com
s_18,Silvanus Deverille,1999-07-26,Male,sdeverilleh@yale.edu
s_19,Quintin Wagge,2000-03-14,Male,qwaggei@state.tx.us
s_20,Huberto Keough,1991-08-09,Male,hkeoughj@topsy.com
s_21,Hanny Cretney,2007-03-13,Female,hcretneyk@lycos.com
s_22,Creight Dawkins,1998-05-17,Male,cdawkinsl@walmart.com
s_23,Jemima Pedersen,2009-08-27,Female,jpedersenm@gmpg.org
s_24,Jobyna Gellert,2001-05-14,Female,jgellertn@google.it
s_25,Arlan McAree,1997-01-10,Male,amcareeo@sogou.com
s_26,Urbano Simioni,1994-12-13,Male,usimionip@amazon.co.jp
s_27,Ritchie Campe,1991-02-05,Male,rcampeq@deliciousdays.com
s_28,Ingaborg McKitterick,2007-01-25,Female,imckitterickr@wp.com
s_29,Issiah Kobke,2003-09-29,Male,ikobkes@xrea.com
s_30,Russ Sambell,1999-09-29,Male,rsambellt@photobucket.com
s_31,Gay Blaw,1998-05-18,Male,gblawu@ezinearticles.com
s_32,Lorna Quartermain,2005-01-18,Female,lquartermainv@hhs.gov
s_33,Regen Fritz,1998-12-09,Male,rfritzw@cam.ac.uk
s_34,Jerrylee Oertzen,2009-02-12,Female,joertzenx@ucla.edu
s_35,Jolynn Coles,2007-07-03,Female,jcolesy@plala.or.jp
s_36,Isac Bracegirdle,2005-07-18,Male,ibracegirdlez@unblog.fr
s_37,Winny Ivison,1997-08-06,Female,wivison10@hp.com
s_38,Sauveur Dowding,2003-09-02,Male,sdowding11@indiegogo.com
s_39,Frants Klus,2002-02-15,Male,fklus12@guardian.co.uk
s_40,Mureil Senten,1991-07-10,Female,msenten13@mapy.cz
s_41,Cristian Carrol,2005-11-14,Male,ccarrol14@blog.com
s_42,Michael Braxton,1999-01-07,Male,mbraxton15@admin.ch
s_43,Saundra Penniall,2004-08-30,Female,spenniall16@ca.gov
s_44,Lilyan Clemetts,2002-04-10,Female,lclemetts17@salon.com
s_45,Ricca Carcas,1993-03-25,Female,rcarcas18@weebly.com
s_46,Marlow Kalker,1996-07-27,Male,mkalker19@drupal.org
s_47,Catherine Saltmarsh,1998-02-04,Female,csaltmarsh1a@soundcloud.com
s_48,Ezri Yankov,1994-05-05,Male,eyankov1b@hostgator.com
s_49,Ulrich Gregersen,2004-07-25,Male,ugregersen1c@infoseek.co.jp
s_50,Nick Asprey,2003-10-14,Male,nasprey1d@twitter.com
s_51,Kimble Colbeck,2004-04-01,Male,kcolbeck1e@histats.com
s_52,Malvin Adamik,2002-08-11,Male,madamik1f@linkedin.com
s_53,Meriel Wavish,2006-05-12,Female,mwavish1g@tuttocitta.it
s_54,Daniella O' Mullane,1995-03-19,Female,do1h@usatoday.com
s_55,Ulysses Hyde,1998-08-14,Male,uhyde1i@joomla.org
s_56,Carmelita Kenyam,1991-06-27,Female,ckenyam1j@mit.edu
s_57,Marylynne Ewell,2003-02-03,Female,mewell1k@amazon.co.uk
s_58,Haze Forgie,1992-11-30,Male,hforgie1l@gnu.org
s_59,Heda Stembridge,1992-11-16,Female,hstembridge1m@icq.com
s_60,Marvin Late,1994-02-14,Male,mlate1n@dion.ne.jp
s_61,Ursola Schustl,1999-09-21,Female,uschustl1o@google.de
s_62,Ruby Hoogendorp,1995-09-03,Male,rhoogendorp1p@wired.com
s_63,Shelley Cantu,2001-08-07,Female,scantu1q@hatena.ne.jp
s_64,Ernst Abatelli,1993-01-13,Male,eabatelli1r@1und1.de
s_65,Avrit Byneth,2009-12-22,Female,abyneth1s@ocn.ne.jp
s_66,Reiko Postin,2001-03-02,Female,rpostin1t@gizmodo.com
s_67,Hilary Mcasparan,2004-06-05,Female,hmcasparan1u@1und1.de
s_68,Sergeant Southerden,2004-07-16,Male,ssoutherden1v@reverbnation.com
s_69,Sonnie Zealander,1996-10-26,Female,szealander1w@nsw.gov.au
s_70,Ashia Edensor,1992-03-14,Female,aedensor1x@google.de
s_71,Flin Comazzo,1992-05-05,Male,fcomazzo1y@gnu.org
s_72,Carlotta Erdis,1998-06-24,Female,cerdis1z@google.de
s_73,Wilfred Vowell,1993-07-31,Male,wvowell20@npr.org
s_74,Cyril Lambal,1996-03-12,Male,clambal21@slate.com
s_75,Zebulen Zecchetti,2003-01-07,Male,zzecchetti22@skype.com
s_76,Titos Trase,2004-01-19,Male,ttrase23@mozilla.com
s_77,Dory Dyet,2007-10-18,Male,ddyet24@baidu.com
s_78,Shalna Nash,1999-02-27,Female,snash25@cmu.edu
s_79,Terrell Longdon,1993-08-31,Male,tlongdon26@stanford.edu
s_80,Clevey Anfosso,2002-11-06,Male,canfosso27@dion.ne.jp
s_81,Chev Hammant,1997-07-30,Male,chammant28@w3.org
s_82,Vyky McMakin,1995-03-20,Female,vmcmakin29@ehow.com
s_83,Louie Thumim,1993-07-17,Male,lthumim2a@csmonitor.com
s_84,Keri Workes,2008-07-16,Female,kworkes2b@hc360.com
s_85,Bebe Richardeau,2003-01-11,Female,brichardeau2c@webnode.com
s_86,Caterina Tester,2000-04-09,Female,ctester2d@altervista.org
s_87,Lane Dingley,1998-04-23,Male,ldingley2e@odnoklassniki.ru
s_88,Patin Skyrm,1990-04-17,Male,pskyrm2f@webnode.com
s_89,Maxy Labes,2006-12-07,Male,mlabes2g@dot.gov
s_90,Bren Witt,1998-09-07,Male,bwitt2h@hatena.ne.jp
s_91,Bunnie Gommey,1992-07-20,Female,bgommey2i@fastcompany.com
s_92,Nicoli Storie,1997-10-09,Female,nstorie2j@prweb.com
s_93,Bernardine Spavins,1997-07-12,Female,bspavins2k@hhs.gov
s_94,Vilma Siaspinski,1998-03-22,Female,vsiaspinski2l@guardian.co.uk
s_95,Vin Eccleshare,2008-04-27,Female,veccleshare2m@irs.gov
s_96,Edita Witul,1994-06-21,Female,ewitul2n@cbc.ca
s_97,Thatcher Cardoso,2005-12-03,Male,tcardoso2o@ning.com
s_98,Alane Goggey,1999-10-30,Female,agoggey2p@google.de
s_99,Benedicto Vigne,1993-06-07,Male,bvigne2q@craigslist.org
s_100,Geneva Semmence,2001-09-01,Female,gsemmence2r@omniture.com
s_101,Anjanette Fischer,1990-06-23,Female,afischer2s@amazonaws.com
s_102,Griffie Ciccoloi,1996-03-25,Male,gciccoloi2t@pcworld.com
s_103,Gilligan Sterke,2005-06-12,Female,gsterke2u@slideshare.net
s_104,Hedy Slarke,2002-12-15,Female,hslarke2v@springer.com
s_105,Julissa Muggleston,2002-09-13,Female,jmuggleston2w@nps.gov
s_106,Franz Cordell,2005-09-29,Male,fcordell2x@buzzfeed.com
s_107,Kinnie Greeveson,1996-05-10,Male,kgreeveson2y@home.pl
s_108,Madge Taylo,2009-04-26,Female,mtaylo2z@dailymotion.com
s_109,Kirbie Beldom,2003-07-29,Female,kbeldom30@ask.com
s_110,Donn Busswell,1998-03-24,Male,dbusswell31@bravesites.com
s_111,Oberon Yakobovitz,1997-04-30,Male,oyakobovitz32@theglobeandmail.com
s_112,Ariel Shark,1996-07-08,Male,ashark33@examiner.com
s_113,Anderson Teml,1998-09-08,Male,ateml34@hugedomains.com
s_114,Emmit Aubrey,2008-01-10,Male,eaubrey35@is.gd
s_115,Harwilll Longley,2000-08-11,Male,hlongley36@lulu.com
s_116,Elisha Halford,1997-02-09,Male,ehalford37@wsj.com
s_117,Bryant Radke,2001-07-30,Male,bradke38@wikispaces.com
s_118,Pansy Shergold,2009-03-21,Female,pshergold39@usatoday.com
s_119,Kandace Raiker,1995-04-11,Female,kraiker3a@ning.com
s_120,Cece Adderson,1996-05-08,Male,cadderson3b@theglobeandmail.com
s_121,Mart Stollman,1998-03-10,Male,mstollman3c@ca.gov
s_122,Fin Barenski,2009-05-18,Male,fbarenski3d@stanford.edu
s_123,Geoffry McKirdy,1994-07-20,Male,gmckirdy3e@vistaprint.com
s_124,Sheilah Bullen,1998-06-07,Female,sbullen3f@oracle.com
s_125,Nil Bringloe,2001-01-17,Male,nbringloe3g@tinyurl.com
s_126,Mayer Chauvey,2006-06-12,Male,mchauvey3h@linkedin.com
s_127,Leese McGiff,2003-03-14,Female,lmcgiff3i@canalblog.com
s_128,Ari Bickerstaff,2007-01-27,Male,abickerstaff3j@last.fm
s_129,Moshe Cordell,2009-08-18,Male,mcordell3k@sbwire.com
s_130,Fred Brogi,1998-09-20,Male,fbrogi3l@squidoo.com
s_131,Clywd Pennone,1991-02-06,Male,cpennone3m@t-online.de
s_132,Ella Maciocia,2008-05-12,Female,emaciocia3n@comcast.net
s_133,Antonin Towll,1998-01-04,Male,atowll3o@state.tx.us
s_134,Winifred Ortler,2004-01-29,Female,wortler3p@nasa.gov
s_135,Karlens Duffan,1999-10-03,Male,kduffan3q@blogspot.com
s_136,Tomasina Konert,1995-06-27,Female,tkonert3r@ted.com
s_137,Hector Raiston,1998-07-14,Male,hraiston3s@cnn.com
s_138,Lemar Albertson,2006-01-31,Male,lalbertson3t@wikimedia.org
s_139,Marie Drillingcourt,1996-12-19,Female,mdrillingcourt3u@ycombinator.com
s_140,Freddy Turpie,1991-03-31,Female,fturpie3v@yale.edu
s_141,Kandace Cordall,1994-07-06,Female,kcordall3w@usa.gov
s_142,Lotty Willgrass,1994-01-14,Female,lwillgrass3x@live.com
s_143,Rafa Gascoine,2003-12-29,Female,rgascoine3y@mashable.com
s_144,Padgett Bril,1993-01-18,Male,pbril3z@bravesites.com
s_145,Deedee Ryce,2004-03-06,Female,dryce40@tripadvisor.com
s_146,Winnifred Leare,1992-08-11,Female,wleare41@nydailynews.com
s_147,Eleanore Cawood,2000-02-22,Female,ecawood42@geocities.jp
s_148,Charlotte Levet,2002-03-02,Female,clevet43@smh.com.au
s_149,Nora Eckersley,2002-06-26,Female,neckersley44@seesaa.net
s_150,Wilek Janku,2006-06-01,Male,wjanku45@abc.net.au
s_151,Trina Comford,2000-06-08,Female,tcomford46@sakura.ne.jp
s_152,Halli Cooney,1999-03-01,Female,hcooney47@wikia.com
s_153,Yanaton Glavis,1993-05-23,Male,yglavis48@ft.com
s_154,Tisha Witson,2006-01-05,Female,twitson49@nifty.com
s_155,Rasla Sleightholm,1997-07-25,Female,rsleightholm4a@artisteer.com
s_156,Sonni Husher,2007-01-23,Female,shusher4b@craigslist.org
s_157,Sheba Gymblett,1999-09-22,Female,sgymblett4c@sun.com
s_158,Vasily McMorland,2006-02-27,Male,vmcmorland4d@clickbank.net
s_159,Dionne Antos,1990-09-05,Female,dantos4e@ezinearticles.com
s_160,Shelley Ottee,2000-08-24,Female,sottee4f@google.ca
s_161,Gilligan Pavlishchev,2003-04-22,Female,gpavlishchev4g@globo.com
s_162,Ellie Sickamore,2001-03-24,Female,esickamore4h@youtu.be
s_163,Kean Kenwood,2001-01-30,Male,kkenwood4i@furl.net
s_164,Meggie Haldon,1993-11-23,Female,mhaldon4j@theatlantic.com
s_165,Horace McQueen,1996-12-20,Male,hmcqueen4k@domainmarket.com
s_166,Tarra Marieton,2007-11-09,Female,tmarieton4l@yale.edu
s_167,Kamilah Zima,1998-08-21,Female,kzima4m@zdnet.com
s_168,Dorita Widdup,2001-05-29,Female,dwiddup4n@xrea.com
s_169,Gualterio Norval,2004-12-14,Male,gnorval4o@flavors.me
s_170,Coleen Inkles,1997-11-05,Female,cinkles4p@prnewswire.com
s_171,Ezechiel Suckling,2003-04-05,Male,esuckling4q@nasa.gov
s_172,Bentlee Sparhawk,2001-10-22,Male,bsparhawk4r@nbcnews.com
s_173,Jonell Juppe,1992-06-16,Female,jjuppe4s@istockphoto.com
s_174,Hilary Foxten,2009-03-20,Female,hfoxten4t@sourceforge.net
s_175,Wittie Minghi,2008-01-31,Male,wminghi4u@lycos.com
s_176,Michele Iacomini,2008-06-22,Male,miacomini4v@gmpg.org
s_177,Emmett Zaple,1997-08-23,Male,ezaple4w@springer.com
s_178,Kipp Stiller,1997-03-08,Female,kstiller4x@tuttocitta.it
s_179,Natalie Tuffell,2001-02-03,Female,ntuffell4y@umn.edu
s_180,Nonah Simison,2009-11-01,Female,nsimison4z@mail.ru
s_181,Irv Caldow,2008-10-13,Male,icaldow50@sina.com.cn
s_182,Timi Mateu,2004-05-30,Female,tmateu51@prweb.com
s_183,Pip Bucktrout,1994-11-04,Male,pbucktrout52@whitehouse.gov
s_184,Miles Brogini,2000-10-13,Male,mbrogini53@dailymail.co.uk
s_185,Harris Roland,2000-08-03,Male,hroland54@google.it
s_186,Geno Whitmell,2006-01-03,Male,gwhitmell55@intel.com
s_187,Halsy Gosnall,1990-11-07,Male,hgosnall56@netvibes.com
s_188,Delphinia Ertel,1991-04-28,Female,dertel57@mit.edu
s_189,Rosene Olland,2005-06-26,Female,rolland58@gmpg.org
s_190,Gasparo Barbier,1998-04-07,Male,gbarbier59@cbslocal.com
s_191,Karel Eudall,1994-05-20,Male,keudall5a@umn.edu
s_192,Dido Burnand,1997-05-22,Female,dburnand5b@php.net
s_193,Dwight Cluer,1991-09-04,Male,dcluer5c@goo.gl
s_194,Arliene Cuardall,2009-02-06,Female,acuardall5d@jimdo.com
s_195,Idalia Ramsbottom,2004-10-24,Female,iramsbottom5e@yale.edu
s_196,Germaine Dobkin,2005-10-22,Male,gdobkin5f@ovh.net
s_197,Ammamaria Petchey,1991-10-11,Female,apetchey5g@blogspot.com
s_198,Izaak Cleugher,2002-01-16,Male,icleugher5h@smugmug.com
s_199,Mario Matus,1992-08-29,Male,mmatus5i@google.co.jp
s_200,Reese Abadam,2001-05-30,Male,rabadam5j@weibo.com
s_201,Sayer Tailour,2004-10-15,Male,stailour5k@washingtonpost.com
s_202,Dorise Thomazet,2005-03-29,Female,dthomazet5l@ox.ac.uk
s_203,Arlen Harsnipe,2001-04-15,Female,aharsnipe5m@europa.eu
s_204,Joelly Kivlehan,2006-03-23,Female,jkivlehan5n@bloglovin.com
s_205,Clare Rowthorne,2009-03-07,Female,crowthorne5o@ocn.ne.jp
s_206,Nate Watterson,2000-06-25,Male,nwatterson5p@gravatar.com
s_207,Godart Castagnier,2004-12-16,Male,gcastagnier5q@scientificamerican.com
s_208,Engracia Ellen,2004-09-16,Female,eellen5r@eepurl.com
s_209,Rebekah Gyngyll,2003-12-15,Female,rgyngyll5s@nih.gov
s_210,Fielding Lanigan,1994-11-26,Male,flanigan5t@ustream.tv
s_211,Roarke Kryszka,2007-03-06,Male,rkryszka5u@whitehouse.gov
s_212,Gaelan Calender,1992-04-01,Male,gcalender5v@arstechnica.com
s_213,Alasdair Miko,2004-10-21,Male,amiko5w@tripod.com
s_214,Kerr Tweed,2004-12-09,Male,ktweed5x@jugem.jp
s_215,Halsey Bedson,1995-08-27,Male,hbedson5y@sitemeter.com
s_216,Robby Iltchev,1991-09-25,Male,riltchev5z@cyberchimps.com
s_217,Ole Keune,2007-09-29,Male,okeune60@utexas.edu
s_218,Bax Dann,2002-06-17,Male,bdann61@discovery.com
s_219,Zane Luckett,2006-04-06,Male,zluckett62@census.gov
s_220,Filippa Crisall,1996-04-05,Female,fcrisall63@mapquest.com
s_221,Mommy Danskine,1994-01-07,Female,mdanskine64@newyorker.com
s_222,Seward Fairfoull,2001-08-10,Male,sfairfoull65@ustream.tv
s_223,Amerigo Swede,1997-03-01,Male,aswede66@pagesperso-orange.fr
s_224,Mayor Ridsdell,1998-01-13,Male,mridsdell67@ucoz.ru
s_225,Kippy Hancill,1998-12-26,Male,khancill68@mashable.com
s_226,Lorry Tutsell,1998-02-26,Male,ltutsell69@elpais.com
s_227,Raynor Tott,2004-10-14,Male,rtott6a@hubpages.com
s_228,Hephzibah Brose,1994-11-08,Female,hbrose6b@alexa.com
s_229,Wright Brastead,1999-12-17,Male,wbrastead6c@linkedin.com
s_230,Yehudit Ossenna,2008-03-03,Male,yossenna6d@chron.com
s_231,Stevie Bony,1998-08-26,Male,sbony6e@yellowpages.com
s_232,Cornelle Chattey,2005-06-07,Female,cchattey6f@infoseek.co.jp
s_233,Sharon Stubbington,2003-01-17,Female,sstubbington6g@ycombinator.com
s_234,Eugenius Beadles,1997-04-06,Male,ebeadles6h@amazon.de
s_235,Lemmy Ablett,2009-04-08,Male,lablett6i@shutterfly.com
s_236,Birgitta Knights,2006-12-16,Female,bknights6j@nasa.gov
s_237,Alon Forrestall,2004-02-19,Male,aforrestall6k@rambler.ru
s_238,Addie McCahey,2006-11-04,Female,amccahey6l@etsy.com
s_239,Malissa Febry,2001-11-07,Female,mfebry6m@berkeley.edu
s_240,Hercule Dignum,2009-11-04,Male,hdignum6n@webeden.co.uk
s_241,Cherida Mc Combe,1995-08-22,Female,cmc6o@yahoo.com
s_242,Alexio Cowe,1994-07-12,Male,acowe6p@umn.edu
s_243,Hope Jikylls,2004-12-06,Female,hjikylls6q@redcross.org
s_244,Cass Fasey,2009-01-02,Female,cfasey6r@multiply.com
s_245,Arlina Castleton,2007-12-28,Female,acastleton6s@sohu.com
s_246,Matt Clayworth,1992-06-13,Male,mclayworth6t@icq.com
s_247,Ingelbert Natte,1996-07-24,Male,inatte6u@samsung.com
s_248,Elenore Sterte,1991-06-08,Female,esterte6v@artisteer.com
s_249,Ronda Verlander,2007-05-28,Female,rverlander6w@salon.com
s_250,Charmion Fley,1992-07-09,Female,cfley6x@umich.edu
s_251,Bryanty Richardot,2007-09-08,Male,brichardot6y@baidu.com
s_252,Robin Debold,1992-12-30,Male,rdebold6z@redcross.org
s_253,Astrix Entwisle,1994-03-18,Female,aentwisle70@nps.gov
s_254,Harmonie Dolby,1993-12-26,Female,hdolby71@google.co.uk
s_255,Cathrine Doust,2002-03-31,Female,cdoust72@abc.net.au
s_256,Bryant Immer,2006-07-15,Male,bimmer73@pcworld.com
s_257,Christyna Babe,1993-01-18,Female,cbabe74@ebay.com
s_258,Lu Umpleby,1992-03-05,Female,lumpleby75@upenn.edu
s_259,Lilyan Barnsdall,1991-11-24,Female,lbarnsdall76@nyu.edu
s_260,Sibyl Tadlow,2008-06-15,Female,stadlow77@shutterfly.com
s_261,Redd Pattie,2002-03-19,Male,rpattie78@vimeo.com
s_262,Heather MacKowle,1993-10-19,Female,hmackowle79@deviantart.com
s_263,Jeremiah Eakens,2001-10-19,Male,jeakens7a@networkadvertising.org
s_264,Miner Ludovici,1999-11-15,Male,mludovici7b@go.com
s_265,Shanda Tremathick,2001-11-26,Female,stremathick7c@statcounter.com
s_266,Susette Karlowicz,1998-03-28,Female,skarlowicz7d@photobucket.com
s_267,Bettine Vurley,1998-06-20,Female,bvurley7e@google.it
s_268,Beale Gyrgorwicx,2000-05-01,Male,bgyrgorwicx7f@vkontakte.ru
s_269,Byram Redmain,1990-11-04,Male,bredmain7g@mediafire.com
s_270,Ailey Bridywater,1991-10-21,Female,abridywater7h@issuu.com
s_271,Gawen Brooker,2005-01-23,Male,gbrooker7i@simplemachines.org
s_272,Geraldine Johanssen,1997-10-29,Female,gjohanssen7j@edublogs.org
s_273,Debi Bere,1996-07-27,Female,dbere7k@hhs.gov
s_274,Fan Lescop,1993-12-21,Female,flescop7l@cmu.edu
s_275,Cy Billion,1991-12-12,Male,cbillion7m@posterous.com
s_276,Marlena Marrows,2008-12-19,Female,mmarrows7n@bloglovin.com
s_277,Mal Glanfield,2006-12-13,Male,mglanfield7o@e-recht24.de
s_278,Milton Hutley,1998-02-22,Male,mhutley7p@squidoo.com
s_279,Onofredo Ilieve,1997-01-03,Male,oilieve7q@nps.gov
s_280,Cchaddie Kernell,2006-06-02,Male,ckernell7r@bandcamp.com
s_281,Kerby Charlot,2004-06-17,Male,kcharlot7s@live.com
s_282,Berkly Nelhams,1992-07-09,Male,bnelhams7t@ucoz.ru
s_283,Noemi Erskine Sandys,2007-07-16,Female,nerskine7u@jimdo.com
s_284,Glennis Godridge,2005-10-05,Female,ggodridge7v@loc.gov
s_285,Bendite Blackston,1996-02-22,Female,bblackston7w@icq.com
s_286,Webster Belli,2002-04-08,Male,wbelli7x@earthlink.net
s_287,Sean Bicker,2005-06-10,Male,sbicker7y@mapy.cz
s_288,Maryjo Belison,2000-07-14,Female,mbelison7z@ifeng.com
s_289,Brooke Ollive,2006-02-04,Male,bollive80@mysql.com
s_290,Nikolaos Gelsthorpe,2004-07-05,Male,ngelsthorpe81@noaa.gov
s_291,Humfrey Alvarado,1994-08-18,Male,halvarado82@netlog.com
s_292,Kristo Bavin,2003-10-10,Male,kbavin83@cafepress.com
s_293,Randa Rottenbury,1992-09-16,Female,rrottenbury84@ehow.com
s_294,Jessalin Ingleston,2007-10-01,Female,jingleston85@miibeian.gov.cn
s_295,Phylys Cready,1997-11-13,Female,pcready86@yahoo.co.jp
s_296,Sheffy Titchmarsh,1990-04-27,Male,stitchmarsh87@guardian.co.uk
s_297,Eula Pickerell,2008-10-31,Female,epickerell88@nifty.com
s_298,Jessey Alexandrescu,2006-09-14,Male,jalexandrescu89@miibeian.gov.cn
s_299,Skell De Domenicis,2004-01-14,Male,sde8a@xrea.com
s_300,Bobette Allaway,2003-12-15,Female,ballaway8b@unicef.org
s_301,Patricio Ralph,1995-09-20,Male,pralph8c@dyndns.org
s_302,Idelle Janauschek,1995-12-07,Female,ijanauschek8d@cocolog-nifty.com
s_303,Pavia Cordeau],2005-07-18,Female,pcordeau8e@scribd.com
s_304,Angelico McKeller,2004-03-14,Male,amckeller8f@scientificamerican.com
s_305,Gregor Sharphurst,1998-04-05,Male,gsharphurst8g@skyrock.com
s_306,Willa Mackie,2005-11-20,Female,wmackie8h@4shared.com
s_307,Jayne Midner,1999-01-09,Female,jmidner8i@hao123.com
s_308,Misti Stansbie,2005-12-29,Female,mstansbie8j@cloudflare.com
s_309,Giorgio Bathoe,1997-08-30,Male,gbathoe8k@kickstarter.com
s_310,Fedora Dunniom,2001-08-06,Female,fdunniom8l@patch.com
s_311,Alasdair Dring,2006-08-31,Male,adring8m@netvibes.com
s_312,Haskell Laybourn,2007-05-17,Male,hlaybourn8n@bloglovin.com
s_313,Jorge Millin,1992-09-15,Male,jmillin8o@blogs.com
s_314,Deanne Newdick,2002-08-01,Female,dnewdick8p@unesco.org
s_315,Hewett MacArdle,2004-05-08,Male,hmacardle8q@upenn.edu
s_316,Atalanta Livingstone,2009-01-23,Female,alivingstone8r@chronoengine.com
s_317,Ashleigh Jeggo,1991-04-15,Female,ajeggo8s@jimdo.com
s_318,Ryun Grigs,2007-08-04,Male,rgrigs8t@eepurl.com
s_319,Mathilde Chrispin,1997-09-23,Female,mchrispin8u@homestead.com
s_320,Peterus Jandak,2003-07-12,Male,pjandak8v@virginia.edu
s_321,Hugibert Tyne,2005-06-28,Male,htyne8w@cdbaby.com
s_322,Burl Jiras,1994-01-05,Male,bjiras8x@addtoany.com
s_323,Masha Nerval,2006-11-20,Female,mnerval8y@i2i.jp
s_324,Keir Reavell,1998-12-03,Male,kreavell8z@mashable.com
s_325,Jozef Palfery,1999-11-25,Male,jpalfery90@whitehouse.gov
s_326,Thaddus Beslier,1991-01-16,Male,tbeslier91@nytimes.com
s_327,Christian Summerrell,2000-05-13,Female,csummerrell92@tamu.edu
s_328,Hollie Sealeaf,2009-08-10,Female,hsealeaf93@sciencedirect.com
s_329,Ruthe Petrelli,2008-12-18,Female,rpetrelli94@jalbum.net
s_330,Erinna Nother,1998-02-05,Female,enother95@smugmug.com
s_331,Ford Thiolier,1995-10-13,Male,fthiolier96@whitehouse.gov
s_332,Leoine Lattimer,2002-05-07,Female,llattimer97@dyndns.org
s_333,Monica Ditchfield,2006-07-24,Female,mditchfield98@vk.com
s_334,Erastus Snel,2008-08-01,Male,esnel99@dailymotion.com
s_335,Jacob Bartlosz,2000-05-04,Male,jbartlosz9a@scribd.com
s_336,Gawain Ziemke,1991-04-22,Male,gziemke9b@psu.edu
s_337,Guilbert Snelgrove,2000-01-20,Male,gsnelgrove9c@technorati.com
s_338,Shelba Pilbury,2008-11-20,Female,spilbury9d@yellowbook.com
s_339,Reese Selwyn,2007-09-03,Male,rselwyn9e@constantcontact.com
s_340,Harbert Crapper,1999-05-07,Male,hcrapper9f@soundcloud.com
s_341,Allan Ismail,1994-11-09,Male,aismail9g@homestead.com
s_342,Hadria McCerery,2009-04-05,Female,hmccerery9h@usa.gov
s_343,Marcelle Jachimak,2009-10-17,Female,mjachimak9i@cmu.edu
s_344,Josie Dubock,2003-09-12,Female,jdubock9j@miitbeian.gov.cn
s_345,Kirby Lyne,1990-10-29,Female,klyne9k@google.it
s_346,Madonna Franzolini,1998-02-23,Female,mfranzolini9l@drupal.org
s_347,Spike Habbes,2001-05-25,Male,shabbes9m@elpais.com
s_348,Ainslee Mechem,1997-05-03,Female,amechem9n@seattletimes.com
s_349,Babb Baudain,1991-12-17,Female,bbaudain9o@toplist.cz
s_350,Richardo Audsley,2008-10-26,Male,raudsley9p@drupal.org
s_351,Niko Blaylock,1993-01-01,Male,nblaylock9q@geocities.jp
s_352,Kaylee Dicey,2007-08-12,Female,kdicey9r@telegraph.co.uk
s_353,Jane Micklewicz,1990-12-05,Female,jmicklewicz9s@nifty.com
s_354,Agna Feria,2008-06-13,Female,aferia9t@vistaprint.com
s_355,Torrence Nash,1994-06-06,Male,tnash9u@mlb.com
s_356,Agace Abramino,2006-01-12,Female,aabramino9v@skype.com
s_357,Antonino Overpool,2007-12-05,Male,aoverpool9w@bloglines.com
s_358,Lucas Eberlein,1998-11-01,Male,leberlein9x@scientificamerican.com
s_359,Tabatha Daniaud,2009-11-19,Female,tdaniaud9y@forbes.com
s_360,Katy Reddel,2005-12-20,Female,kreddel9z@auda.org.au
s_361,Mari Fache,2000-02-02,Female,mfachea0@dedecms.com
s_362,Zaccaria McKleod,1996-06-12,Male,zmckleoda1@moonfruit.com
s_363,Rayner Peiro,2005-04-04,Male,rpeiroa2@narod.ru
s_364,Bertrando Guilloton,2005-03-09,Male,bguillotona3@nsw.gov.au
s_365,Cristie Deek,1998-07-26,Female,cdeeka4@japanpost.jp
s_366,Stacee Orpen,1992-06-27,Male,sorpena5@archive.org
s_367,Donaugh Branca,2000-04-08,Male,dbrancaa6@example.com
s_368,Rickie Goldsmith,2009-08-17,Male,rgoldsmitha7@washingtonpost.com
s_369,Angeli Kopec,1994-03-02,Male,akopeca8@google.fr
s_370,Barny Litster,1996-07-21,Male,blitstera9@soup.io
s_371,Bard Koba,2000-09-03,Male,bkobaaa@gmpg.org
s_372,Shanon Snoxell,2007-02-27,Female,ssnoxellab@delicious.com
s_373,Karim Liddle,2009-09-08,Male,kliddleac@sitemeter.com
s_374,Debora Baldwin,2007-02-12,Female,dbaldwinad@gizmodo.com
s_375,Dud Covotti,1998-11-17,Male,dcovottiae@mozilla.org
s_376,Lizabeth Wickie,1993-07-09,Female,lwickieaf@adobe.com
s_377,Grata Jambrozek,1998-03-29,Female,gjambrozekag@purevolume.com
s_378,Seana Mayman,1991-12-17,Female,smaymanah@shop-pro.jp
s_379,Roxine Cocks,1996-04-24,Female,rcocksai@sbwire.com
s_380,Collen Spatig,1997-08-04,Female,cspatigaj@bloomberg.com
s_381,Thorvald Bealton,2003-06-23,Male,tbealtonak@ucoz.ru
s_382,Eudora Ruppertz,1992-07-16,Female,eruppertzal@canalblog.com
s_383,Tobit Robinett,1997-04-13,Male,trobinettam@msu.edu
s_384,Betteanne Stearndale,1992-12-03,Female,bstearndalean@1und1.de
s_385,Filberto Antao,1994-11-30,Male,fantaoao@japanpost.jp
s_386,Quentin Tremmil,2006-09-09,Male,qtremmilap@scientificamerican.com
s_387,Hermann Bound,1995-03-22,Male,hboundaq@constantcontact.com
s_388,Wynne Mars,1995-11-13,Female,wmarsar@youku.com
s_389,Lincoln Sivior,1996-10-17,Male,lsivioras@slashdot.org
s_390,Issi Adame,2009-11-29,Female,iadameat@list-manage.com
s_391,Gayla Warlawe,1995-12-11,Female,gwarlaweau@networksolutions.com
s_392,Tim Domino,2005-12-31,Male,tdominoav@cnn.com
s_393,Roma Andrew,2004-09-06,Male,randrewaw@soundcloud.com
s_394,Charles Daber,1991-09-17,Male,cdaberax@hao123.com
s_395,Jacky Wilber,2003-03-04,Male,jwilberay@amazonaws.com
s_396,Teresita Semeniuk,2008-03-29,Female,tsemeniukaz@unc.edu
s_397,Debbie Gillani,1993-07-13,Female,dgillanib0@a8.net
s_398,Hervey Ferraraccio,2001-08-07,Male,hferraracciob1@usda.gov
s_399,Missy Carabet,1997-06-15,Female,mcarabetb2@google.co.uk
s_400,Erik Linley,1993-06-22,Male,elinleyb3@themeforest.net
s_401,Stephanie Poulsom,2005-10-09,Female,spoulsomb4@cpanel.net
s_402,Carmine Willes,2002-07-18,Male,cwillesb5@yelp.com
s_403,Allyn Samber,1993-04-14,Female,asamberb6@dot.gov
s_404,Davin Beney,1999-05-12,Male,dbeneyb7@mozilla.com
s_405,Abbe Normanvell,2000-02-29,Male,anormanvellb8@theguardian.com
s_406,Ellie Robion,1992-03-09,Female,erobionb9@ed.gov
s_407,Josh Georgel,2008-04-27,Male,jgeorgelba@walmart.com
s_408,Flory Nettleship,1997-05-31,Female,fnettleshipbb@fotki.com
s_409,Carole Copelli,1992-04-10,Female,ccopellibc@pinterest.com
s_410,Christan Case,2008-06-16,Female,ccasebd@storify.com
s_411,Jordana Eskriet,1990-08-12,Female,jeskrietbe@dion.ne.jp
s_412,Carola Birkby,2001-11-14,Female,cbirkbybf@bbb.org
s_413,Wendeline Mayhew,1991-08-05,Female,wmayhewbg@indiatimes.com
s_414,Con Ebertz,1999-01-20,Male,cebertzbh@networkadvertising.org
s_415,Jdavie Seal,2000-09-06,Male,jsealbi@etsy.com
s_416,Maurits Keelinge,2002-06-25,Male,mkeelingebj@storify.com
s_417,Sybila Grooby,2003-12-23,Female,sgroobybk@w3.org
s_418,Florri Moroney,1994-06-11,Female,fmoroneybl@com.com
s_419,Martie Oddie,1994-12-11,Male,moddiebm@dagondesign.com
s_420,Wandie Traviss,1995-06-20,Female,wtravissbn@gizmodo.com
s_421,Tiffani Cockin,2001-07-07,Female,tcockinbo@wikispaces.com
s_422,Tracy Pottes,2001-04-15,Female,tpottesbp@feedburner.com
s_423,Vanessa Dives,2004-06-07,Female,vdivesbq@weather.com
s_424,Mariana Seers,1994-06-10,Female,mseersbr@cdbaby.com
s_425,Kip Daly,2007-08-30,Male,kdalybs@cmu.edu
s_426,Lonnie Chennells,1995-05-14,Male,lchennellsbt@washington.edu
s_427,Lanna Wadesworth,2003-04-01,Female,lwadesworthbu@mapquest.com
s_428,Cybil Kennett,2001-10-10,Female,ckennettbv@ameblo.jp
s_429,Nicolai Chopping,2004-06-13,Male,nchoppingbw@aboutads.info
s_430,Enrique Anney,1990-09-17,Male,eanneybx@yolasite.com
s_431,Hyacinthe Capelin,1991-07-31,Female,hcapelinby@skyrock.com
s_432,Munmro Sirette,1999-05-24,Male,msirettebz@netlog.com
s_433,Grantley Whenman,1995-10-19,Male,gwhenmanc0@newsvine.com
s_434,Korie Janicijevic,1998-10-03,Female,kjanicijevicc1@themeforest.net
s_435,Emalee Delwater,1999-10-01,Female,edelwaterc2@mayoclinic.com
s_436,Leticia Czapla,2003-10-21,Female,lczaplac3@wordpress.org
s_437,Analiese Molfino,1994-12-02,Female,amolfinoc4@artisteer.com
s_438,Darlene Cumpsty,2002-08-30,Female,dcumpstyc5@blogger.com
s_439,Silvain Rops,2008-12-20,Male,sropsc6@clickbank.net
s_440,Terri Scrauniage,2007-11-21,Female,tscrauniagec7@i2i.jp
s_441,Arliene Poveleye,1991-06-12,Female,apoveleyec8@ezinearticles.com
s_442,Cori Saffle,2006-09-04,Male,csafflec9@craigslist.org
s_443,Cleveland MacTrustrie,1995-12-20,Male,cmactrustrieca@exblog.jp
s_444,Janie O'Sculley,2005-08-13,Female,josculleycb@imageshack.us
s_445,Loutitia Gillcrist,2006-11-14,Female,lgillcristcc@merriam-webster.com
s_446,Daria Hexum,1990-01-08,Female,dhexumcd@yandex.ru
s_447,Chas Bartolini,1996-06-17,Male,cbartolinice@cnn.com
s_448,Arther Kiebes,1990-04-29,Male,akiebescf@barnesandnoble.com
s_449,Jaclyn Gemnett,1992-01-03,Female,jgemnettcg@webmd.com
s_450,Lonnie Glacken,2004-04-14,Male,lglackench@etsy.com
s_451,Bab Orviss,1994-12-27,Female,borvissci@angelfire.com
s_452,Muire Glusby,1997-02-14,Female,mglusbycj@meetup.com
s_453,Upton Ettery,2000-08-04,Male,uetteryck@google.nl
s_454,Elizabeth Balmer,1992-11-18,Female,ebalmercl@eventbrite.com
s_455,Beverie Egel,1993-06-10,Female,begelcm@godaddy.com
s_456,Ivan Volcker,1995-04-06,Male,ivolckercn@nih.gov
s_457,Harry Aleshintsev,2008-10-11,Male,haleshintsevco@unicef.org
s_458,Benito Tittershill,1999-09-20,Male,btittershillcp@delicious.com
s_459,Gabie Townby,2009-03-16,Male,gtownbycq@hp.com
s_460,Edik Coils,2006-01-20,Male,ecoilscr@ameblo.jp
s_461,Ryann Kick,2004-09-27,Female,rkickcs@nytimes.com
s_462,Lefty Gration,2002-03-25,Male,lgrationct@cbc.ca
s_463,Rivy Greenham,2001-11-11,Female,rgreenhamcu@macromedia.com
s_464,Claudell Goldhill,2003-01-02,Male,cgoldhillcv@loc.gov
s_465,Bondy Eastope,1996-05-10,Male,beastopecw@zimbio.com
s_466,Rosita Trustie,2009-04-11,Female,rtrustiecx@freewebs.com
s_467,Mitchael Bonhome,1990-07-02,Male,mbonhomecy@nhs.uk
s_468,Hannis Pedder,2004-09-05,Female,hpeddercz@bandcamp.com
s_469,Dalila Gayton,2004-12-31,Female,dgaytond0@elegantthemes.com
s_470,Albertina Rodolphe,2004-07-06,Female,arodolphed1@virginia.edu
s_471,Mal O'Rodane,1994-02-25,Male,morodaned2@newyorker.com
s_472,Aileen Blanden,2005-11-19,Female,ablandend3@multiply.com
s_473,Anthia Westhead,2007-04-13,Female,awestheadd4@vistaprint.com
s_474,Fina Dank,1996-01-25,Female,fdankd5@printfriendly.com
s_475,Fanchon Rao,2001-10-01,Female,fraod6@arizona.edu
s_476,Sherlocke Grollmann,1993-08-23,Male,sgrollmannd7@si.edu
s_477,Gottfried Doumic,1999-06-19,Male,gdoumicd8@devhub.com
s_478,Geoff Sawnwy,1999-06-25,Male,gsawnwyd9@phpbb.com
s_479,Mal Foulds,2003-12-10,Male,mfouldsda@reverbnation.com
s_480,Octavia Jellicorse,1991-09-26,Female,ojellicorsedb@cargocollective.com
s_481,Archie Labern,2004-09-13,Male,alaberndc@shinystat.com
s_482,Sabine Gallon,2009-02-17,Female,sgallondd@amazon.com
s_483,Maren Gulston,2007-05-09,Female,mgulstonde@jiathis.com
s_484,Melanie Houldey,1998-02-07,Female,mhouldeydf@mozilla.com
s_485,Tore Dunning,2007-01-03,Male,tdunningdg@noaa.gov
s_486,Selie Craigheid,2006-11-27,Female,scraigheiddh@psu.edu
s_487,Monika Smidmore,2009-07-07,Female,msmidmoredi@time.com
s_488,Sven Aspling,1997-08-16,Male,sasplingdj@cdc.gov
s_489,Kelby Senogles,2007-05-21,Male,ksenoglesdk@wsj.com
s_490,Leeland Shernock,1992-12-24,Male,lshernockdl@eepurl.com
s_491,Tallie Reichardt,1995-07-05,Female,treichardtdm@macromedia.com
s_492,Sher Glazyer,2003-04-27,Female,sglazyerdn@nsw.gov.au
s_493,Sterling Brunelli,1990-10-16,Male,sbrunellido@joomla.org
s_494,Shepperd Coda,1993-11-24,Male,scodadp@behance.net
s_495,Lars Greathead,1997-11-24,Male,lgreatheaddq@topsy.com
s_496,Spencer Raincin,1999-12-23,Male,sraincindr@economist.com
s_497,June Falls,1998-12-01,Female,jfallsds@state.tx.us
s_498,Meara Britcher,2003-07-18,Female,mbritcherdt@youku.com
s_499,Shea Jouhandeau,1992-05-09,Male,sjouhandeaudu@1und1.de
s_500,Karla McCoole,1997-09-08,Female,kmccooledv@tripod.com
